first_name,organization_name,industry,email
Mike,TechCorp,Software,mike@techcorp.com
Lisa,DevSolutions,Software,lisa@devsolutions.com
Tom,CodeWorks,Software,tom@codeworks.com
Emma,SoftInc,Software,emma@softinc.com
Alex,DataFlow,Software,alex@dataflow.com
